{
  "irVersion": "8",
  "graph": {
    "node": [
      {
        "input": [
          "mask_final_trans_input"
        ],
        "output": [
          "final_masks"
        ],
        "name": "mask_final_transpose",
        "opType": "Transpose",
        "attribute": [
          {
            "name": "perm",
            "ints": [
              "2",
              "0",
              "1"
            ],
            "type": "INTS"
          }
        ]
      }
    ],
    "name": "onnx_graphsurgeon_graph",
    "input": [
      {
        "name": "mask_final_trans_input",
        "type": {
          "tensorType": {
            "elemType": 1,
            "shape": {
              "dim": [
                {
                  "dimValue": "138"
                },
                {
                  "dimValue": "138"
                },
                {
                  "dimParam": "N"
                }
              ]
            }
          }
        }
      }
    ],
    "output": [
      {
        "name": "final_masks",
        "type": {
          "tensorType": {
            "elemType": 7,
            "shape": {
              "dim": [
                {
                  "dimParam": "N"
                },
                {
                  "dimValue": "138"
                },
                {
                  "dimValue": "138"
                }
              ]
            }
          }
        }
      }
    ]
  },
  "opsetImport": [
    {
      "domain": "",
      "version": "11"
    }
  ]
}